product_id,old_unique_instrument_id,new_unique_instrument_id,rollover_date,adjustment
RI,CZCE|F|RI|2501,CZCE|F|RI|2503,2025-01-15 09:01:00,1.0
RI,CZCE|F|RI|2503,CZCE|F|RI|2505,2025-03-14 09:01:00,1.0
RI,CZCE|F|RI|2505,CZCE|F|RI|2507,2025-05-19 09:01:00,1.0
RI,CZCE|F|RI|2507,CZCE|F|RI|2509,2025-07-14 09:01:00,1.0
RI,CZCE|F|RI|2509,CZCE|F|RI|2511,2025-09-12 09:01:00,1.0
RI,CZCE|F|RI|2511,CZCE|F|RI|2601,2025-11-14 09:01:00,1.0
BC,INE|F|BC|2502,INE|F|BC|2503,2025-01-22 21:01:00,1.0022401433691757
BC,INE|F|BC|2503,INE|F|BC|2504,2025-02-24 21:01:00,1.0023289665211064
BC,INE|F|BC|2504,INE|F|BC|2505,2025-03-19 21:01:00,1.0015277777777778
BC,INE|F|BC|2505,INE|F|BC|2506,2025-04-29 21:01:00,0.9933698472182185
BC,INE|F|BC|2506,INE|F|BC|2507,2025-05-28 21:01:00,0.9954009772923254
BC,INE|F|BC|2507,INE|F|BC|2508,2025-06-26 21:01:00,0.9974468085106383
BC,INE|F|BC|2508,INE|F|BC|2509,2025-07-30 21:01:00,1.0022886568445144
BC,INE|F|BC|2509,INE|F|BC|2510,2025-08-28 21:01:00,0.9853727144866385
BC,INE|F|BC|2510,INE|F|BC|2511,2025-09-26 21:01:00,1.0024593523705425
BC,INE|F|BC|2511,INE|F|BC|2512,2025-10-30 21:01:00,0.9996170049789352
BC,INE|F|BC|2512,INE|F|BC|2601,2025-12-01,
SF,CZCE|F|SF|2502,CZCE|F|SF|2503,2025-01-08 09:01:00,1.0054998382400517
SF,CZCE|F|SF|2503,CZCE|F|SF|2505,2025-02-07 09:01:00,0.9916382781046764
SF,CZCE|F|SF|2505,CZCE|F|SF|2506,2025-04-08 09:01:00,0.985408890397014
SF,CZCE|F|SF|2506,CZCE|F|SF|2507,2025-05-12 09:01:00,1.0113097409704488
SF,CZCE|F|SF|2507,CZCE|F|SF|2509,2025-06-06 09:01:00,0.9819091608929946
SF,CZCE|F|SF|2509,CZCE|F|SF|2511,2025-08-15 09:01:00,1.0302924791086352
SF,CZCE|F|SF|2511,CZCE|F|SF|2601,2025-10-16 09:01:00,0.9955357142857143
SF,CZCE|F|SF|2601,CZCE|F|SF|2603,2025-11-20 09:01:00,1.0076894910289271
PF,CZCE|F|PF|2502,CZCE|F|PF|2503,2025-01-07 21:01:00,1.0005853087503658
PF,CZCE|F|PF|2503,CZCE|F|PF|2504,2025-02-07 21:01:00,1.003738855335059
PF,CZCE|F|PF|2504,CZCE|F|PF|2505,2025-03-06 21:01:00,0.9985101311084624
PF,CZCE|F|PF|2505,CZCE|F|PF|2506,2025-04-07 21:01:00,1.0058498537536562
PF,CZCE|F|PF|2506,CZCE|F|PF|2507,2025-05-14 21:01:00,0.9919137466307277
PF,CZCE|F|PF|2507,CZCE|F|PF|2508,2025-06-13 21:01:00,0.9923430321592649
PF,CZCE|F|PF|2508,CZCE|F|PF|2509,2025-07-14 21:01:00,0.977818292312367
PF,CZCE|F|PF|2509,CZCE|F|PF|2510,2025-08-05 21:01:00,1.0094906675102815
PF,CZCE|F|PF|2510,CZCE|F|PF|2511,2025-09-01 21:01:00,0.9972247918593895
PF,CZCE|F|PF|2511,CZCE|F|PF|2512,2025-10-13 21:01:00,0.9944858903665261
PF,CZCE|F|PF|2512,CZCE|F|PF|2602,2025-11-11 21:01:00,1.011703511053316
PM,CZCE|F|PM|2501,CZCE|F|PM|2503,2025-01-15 09:01:00,1.0
PM,CZCE|F|PM|2503,CZCE|F|PM|2505,2025-03-14 09:01:00,1.0
PM,CZCE|F|PM|2505,CZCE|F|PM|2507,2025-05-19 09:01:00,1.0
PM,CZCE|F|PM|2507,CZCE|F|PM|2509,2025-07-14 09:01:00,1.0
PM,CZCE|F|PM|2509,CZCE|F|PM|2511,2025-09-12 09:01:00,1.0
PM,CZCE|F|PM|2511,CZCE|F|PM|2601,2025-11-14 09:01:00,1.0
WH,CZCE|F|WH|2501,CZCE|F|WH|2503,2025-01-15 09:01:00,1.0
WH,CZCE|F|WH|2503,CZCE|F|WH|2505,2025-03-14 09:01:00,1.0
WH,CZCE|F|WH|2505,CZCE|F|WH|2507,2025-05-19 09:01:00,1.0
WH,CZCE|F|WH|2507,CZCE|F|WH|2509,2025-07-14 09:01:00,1.0
WH,CZCE|F|WH|2509,CZCE|F|WH|2511,2025-09-12 09:01:00,1.0
WH,CZCE|F|WH|2511,CZCE|F|WH|2601,2025-11-14 09:01:00,1.0
JR,CZCE|F|JR|2501,CZCE|F|JR|2503,2025-01-15 09:01:00,1.0
JR,CZCE|F|JR|2503,CZCE|F|JR|2505,2025-03-14 09:01:00,1.0
JR,CZCE|F|JR|2505,CZCE|F|JR|2507,2025-05-19 09:01:00,1.0
JR,CZCE|F|JR|2507,CZCE|F|JR|2509,2025-07-14 09:01:00,1.0
JR,CZCE|F|JR|2509,CZCE|F|JR|2511,2025-09-12 09:01:00,1.0
JR,CZCE|F|JR|2511,CZCE|F|JR|2601,2025-11-14 09:01:00,1.0
BB,DCE|F|BB|2504,DCE|F|BB|2509,2025-04-15 09:01:00,0.9281899109792285
BB,DCE|F|BB|2509,DCE|F|BB|2511,2025-04-29 09:01:00,0.9622073578595317
BB,DCE|F|BB|2511,DCE|F|BB|2509,2025-05-21 09:01:00,1.2032418952618453
BB,DCE|F|BB|2509,DCE|F|BB|2511,2025-06-04 09:01:00,0.8894348894348895
BB,DCE|F|BB|2511,DCE|F|BB|2509,2025-06-12 09:01:00,1.1091836734693878
BB,DCE|F|BB|2509,DCE|F|BB|2511,2025-06-13 09:01:00,0.9457831325301206
BB,DCE|F|BB|2511,DCE|F|BB|2601,2025-08-22 09:01:00,1.0047830543218312
BB,DCE|F|BB|2601,DCE|F|BB|2511,2025-08-25 09:01:00,0.9918809201623815
BB,DCE|F|BB|2511,DCE|F|BB|2601,2025-08-27 09:01:00,1.0190179806362378
BB,DCE|F|BB|2601,DCE|F|BB|2603,2025-12-01,
LR,CZCE|F|LR|2501,CZCE|F|LR|2503,2025-01-15 09:01:00,1.0
LR,CZCE|F|LR|2503,CZCE|F|LR|2505,2025-03-14 09:01:00,1.0
LR,CZCE|F|LR|2505,CZCE|F|LR|2507,2025-05-19 09:01:00,1.0
LR,CZCE|F|LR|2507,CZCE|F|LR|2509,2025-07-14 09:01:00,1.0
LR,CZCE|F|LR|2509,CZCE|F|LR|2511,2025-09-12 09:01:00,1.0
LR,CZCE|F|LR|2511,CZCE|F|LR|2601,2025-11-14 09:01:00,1.0
AG,SHFE|F|AG|2502,SHFE|F|AG|2504,2025-01-13 21:01:00,1.0024456171965503
AG,SHFE|F|AG|2504,SHFE|F|AG|2506,2025-03-18 21:01:00,1.0022754491017964
AG,SHFE|F|AG|2506,SHFE|F|AG|2508,2025-05-13 21:01:00,1.0031634018737072
AG,SHFE|F|AG|2508,SHFE|F|AG|2510,2025-07-07 21:01:00,1.0028178539224526
AG,SHFE|F|AG|2510,SHFE|F|AG|2512,2025-09-17 21:01:00,1.002725620835857
AG,SHFE|F|AG|2512,SHFE|F|AG|2602,2025-11-14 21:01:00,1.001943162496964
TF,CFFEX|F|TF|2503,CFFEX|F|TF|2506,2025-02-19 09:31:00,1.0018411859125673
TF,CFFEX|F|TF|2506,CFFEX|F|TF|2509,2025-05-20 09:31:00,1.0025062656641603
TF,CFFEX|F|TF|2509,CFFEX|F|TF|2512,2025-08-21 09:31:00,0.9994783021105051
TF,CFFEX|F|TF|2512,CFFEX|F|TF|2603,2025-11-25 09:31:00,1.0009915950514685
LC,GFEX|F|LC|2505,GFEX|F|LC|2507,2025-04-18 09:01:00,0.9994326241134752
LC,GFEX|F|LC|2507,GFEX|F|LC|2509,2025-06-16 09:01:00,0.9976643309976644
LC,GFEX|F|LC|2509,GFEX|F|LC|2511,2025-08-05 09:01:00,1.0017411491584445
LC,GFEX|F|LC|2511,GFEX|F|LC|2601,2025-10-21 09:01:00,1.0031704095112286
LC,GFEX|F|LC|2601,GFEX|F|LC|2605,2025-11-26 09:01:00,1.020335429769392
SC,INE|F|SC|2502,INE|F|SC|2503,2025-01-14 21:01:00,0.9835324507587989
SC,INE|F|SC|2503,INE|F|SC|2504,2025-02-18 21:01:00,0.922495894909688
SC,INE|F|SC|2504,INE|F|SC|2505,2025-03-17 21:01:00,0.995814307458143
SC,INE|F|SC|2505,INE|F|SC|2506,2025-04-16 21:01:00,0.9951011714589989
SC,INE|F|SC|2506,INE|F|SC|2507,2025-05-16 21:01:00,1.0
SC,INE|F|SC|2507,INE|F|SC|2508,2025-06-17 21:01:00,0.9907512268780673
SC,INE|F|SC|2508,INE|F|SC|2509,2025-07-18 21:01:00,0.969548872180451
SC,INE|F|SC|2509,INE|F|SC|2510,2025-08-15 21:01:00,1.0037014188772364
SC,INE|F|SC|2510,INE|F|SC|2511,2025-09-16 21:01:00,1.0008103727714748
SC,INE|F|SC|2511,INE|F|SC|2512,2025-10-17 21:01:00,1.0055478502080444
SC,INE|F|SC|2512,INE|F|SC|2601,2025-11-17 21:01:00,1.002401222440515
SM,CZCE|F|SM|2505,CZCE|F|SM|2509,2025-04-17 09:01:00,1.0155012056493282
SM,CZCE|F|SM|2509,CZCE|F|SM|2601,2025-08-20 09:01:00,1.0123245463882231
SM,CZCE|F|SM|2601,CZCE|F|SM|2603,2025-12-04,
EB,DCE|F|EB|2502,DCE|F|EB|2503,2025-01-16 21:01:00,1.0071571043059955
EB,DCE|F|EB|2503,DCE|F|EB|2504,2025-02-18 21:01:00,1.0062871114215857
EB,DCE|F|EB|2504,DCE|F|EB|2505,2025-03-19 21:01:00,0.9879218030133233
EB,DCE|F|EB|2505,DCE|F|EB|2506,2025-04-17 21:01:00,0.9830324419709515
EB,DCE|F|EB|2506,DCE|F|EB|2507,2025-05-23 21:01:00,0.9787605861002823
EB,DCE|F|EB|2507,DCE|F|EB|2508,2025-06-23 21:01:00,0.9858294331773271
EB,DCE|F|EB|2508,DCE|F|EB|2509,2025-07-21 21:01:00,0.9907901761879337
EB,DCE|F|EB|2509,DCE|F|EB|2510,2025-08-19 21:01:00,1.0024910047052311
EB,DCE|F|EB|2510,DCE|F|EB|2511,2025-09-18 21:01:00,1.0016992353440952
EB,DCE|F|EB|2511,DCE|F|EB|2512,2025-10-23 21:01:00,1.0044308632543926
EB,DCE|F|EB|2512,DCE|F|EB|2601,2025-11-19 21:01:00,1.0036590943741424
B,DCE|F|B|2505,DCE|F|B|2509,2025-04-18 21:01:00,1.0456911509543088
B,DCE|F|B|2509,DCE|F|B|2511,2025-08-21 21:01:00,1.0228004291845494
B,DCE|F|B|2511,DCE|F|B|2601,2025-10-27 21:01:00,1.006613392119041
ZN,SHFE|F|ZN|2502,SHFE|F|ZN|2503,2025-01-16 21:01:00,0.9987389659520807
ZN,SHFE|F|ZN|2503,SHFE|F|ZN|2504,2025-02-21 21:01:00,1.0016680567139282
ZN,SHFE|F|ZN|2504,SHFE|F|ZN|2505,2025-03-14 21:01:00,1.0006213753106876
ZN,SHFE|F|ZN|2505,SHFE|F|ZN|2506,2025-04-11 21:01:00,0.9887466902030009
ZN,SHFE|F|ZN|2506,SHFE|F|ZN|2507,2025-05-22 21:01:00,0.9906479625918504
ZN,SHFE|F|ZN|2507,SHFE|F|ZN|2508,2025-06-23 21:01:00,0.9909008189262967
ZN,SHFE|F|ZN|2508,SHFE|F|ZN|2509,2025-07-17 21:01:00,0.9995481247175779
ZN,SHFE|F|ZN|2509,SHFE|F|ZN|2510,2025-08-18 21:01:00,1.000895255147717
ZN,SHFE|F|ZN|2510,SHFE|F|ZN|2511,2025-09-19 21:01:00,0.9997731911998186
ZN,SHFE|F|ZN|2511,SHFE|F|ZN|2512,2025-10-20 21:01:00,0.9997712194005949
ZN,SHFE|F|ZN|2512,SHFE|F|ZN|2601,2025-11-21 21:01:00,0.9997767358785443
IF,CFFEX|F|IF|2503,CFFEX|F|IF|2506,2025-03-21 09:31:00,0.9939662107803701
IF,CFFEX|F|IF|2506,CFFEX|F|IF|2509,2025-06-20 09:31:00,0.9806270180189564
IF,CFFEX|F|IF|2509,CFFEX|F|IF|2512,2025-09-19 09:31:00,0.9913086111606347
CF,CZCE|F|CF|2505,CZCE|F|CF|2509,2025-04-14 21:01:00,1.0140515222482436
CF,CZCE|F|CF|2509,CZCE|F|CF|2601,2025-08-11 21:01:00,1.0146198830409356
IH,CFFEX|F|IH|2501,CFFEX|F|IH|2503,2025-01-17 09:31:00,1.0013956734124214
IH,CFFEX|F|IH|2503,CFFEX|F|IH|2506,2025-03-21 09:31:00,0.999191533147141
IH,CFFEX|F|IH|2506,CFFEX|F|IH|2509,2025-06-20 09:31:00,0.9843561973525873
IH,CFFEX|F|IH|2509,CFFEX|F|IH|2512,2025-09-19 09:31:00,1.0005496770647244
IC,CFFEX|F|IC|2501,CFFEX|F|IC|2503,2025-01-17 09:31:00,0.9906943192064923
IC,CFFEX|F|IC|2503,CFFEX|F|IC|2504,2025-03-21 09:31:00,0.9915794340058779
IC,CFFEX|F|IC|2504,CFFEX|F|IC|2506,2025-04-18 09:31:00,0.9739515780371812
IC,CFFEX|F|IC|2506,CFFEX|F|IC|2507,2025-06-20 09:31:00,0.9893620768607558
IC,CFFEX|F|IC|2507,CFFEX|F|IC|2509,2025-07-17 09:31:00,0.9814537342256849
IC,CFFEX|F|IC|2509,CFFEX|F|IC|2512,2025-09-19 09:31:00,0.974036477215684
SS,SHFE|F|SS|2502,SHFE|F|SS|2503,2025-01-06 21:01:00,1.0066536203522505
SS,SHFE|F|SS|2503,SHFE|F|SS|2505,2025-02-13 21:01:00,0.9894179894179894
SS,SHFE|F|SS|2505,SHFE|F|SS|2506,2025-04-11 21:01:00,1.0051181102362206
SS,SHFE|F|SS|2506,SHFE|F|SS|2507,2025-05-12 21:01:00,1.0031031807602793
SS,SHFE|F|SS|2507,SHFE|F|SS|2508,2025-06-09 21:01:00,1.0011867088607596
SS,SHFE|F|SS|2508,SHFE|F|SS|2509,2025-07-15 21:01:00,0.9984245766049625
SS,SHFE|F|SS|2509,SHFE|F|SS|2510,2025-08-08 21:01:00,1.0050057758952637
SS,SHFE|F|SS|2510,SHFE|F|SS|2511,2025-09-08 21:01:00,1.0054453520031117
SS,SHFE|F|SS|2511,SHFE|F|SS|2512,2025-10-10 21:01:00,1.0019561815336464
SS,SHFE|F|SS|2512,SHFE|F|SS|2601,2025-11-12 21:01:00,1.0048289738430582
IM,CFFEX|F|IM|2503,CFFEX|F|IM|2506,2025-03-21 09:31:00,0.9652597104465734
IM,CFFEX|F|IM|2506,CFFEX|F|IM|2509,2025-06-20 09:31:00,0.9596059764643661
IM,CFFEX|F|IM|2509,CFFEX|F|IM|2512,2025-09-19 09:31:00,0.9676181788914524
PG,DCE|F|PG|2502,DCE|F|PG|2503,2025-01-15 21:01:00,0.9724967769660507
PG,DCE|F|PG|2503,DCE|F|PG|2504,2025-02-21 21:01:00,1.0546218487394958
PG,DCE|F|PG|2504,DCE|F|PG|2505,2025-03-21 21:01:00,0.9694248449861022
PG,DCE|F|PG|2505,DCE|F|PG|2506,2025-04-18 21:01:00,0.9696701350453841
PG,DCE|F|PG|2506,DCE|F|PG|2507,2025-05-22 21:01:00,0.9870844295623057
PG,DCE|F|PG|2507,DCE|F|PG|2508,2025-06-23 21:01:00,0.9958066651953211
PG,DCE|F|PG|2508,DCE|F|PG|2509,2025-07-21 21:01:00,0.9877571008814887
PG,DCE|F|PG|2509,DCE|F|PG|2510,2025-08-19 21:01:00,1.1165628245067498
PG,DCE|F|PG|2510,DCE|F|PG|2511,2025-09-18 21:01:00,0.9831838565022422
PG,DCE|F|PG|2511,DCE|F|PG|2512,2025-10-17 21:01:00,0.9675355450236967
PG,DCE|F|PG|2512,DCE|F|PG|2601,2025-11-21 21:01:00,0.9861495844875346
SN,SHFE|F|SN|2502,SHFE|F|SN|2503,2025-01-22 21:01:00,1.0015270243118344
SN,SHFE|F|SN|2503,SHFE|F|SN|2504,2025-02-25 21:01:00,1.0031902772502848
SN,SHFE|F|SN|2504,SHFE|F|SN|2505,2025-03-26 21:01:00,1.0017648118134341
SN,SHFE|F|SN|2505,SHFE|F|SN|2506,2025-04-28 21:01:00,1.0000767548067697
SN,SHFE|F|SN|2506,SHFE|F|SN|2507,2025-05-27 21:01:00,1.0003778004458046
SN,SHFE|F|SN|2507,SHFE|F|SN|2508,2025-06-26 21:01:00,0.9999625846522243
SN,SHFE|F|SN|2508,SHFE|F|SN|2509,2025-07-25 21:01:00,1.0018039244560615
SN,SHFE|F|SN|2509,SHFE|F|SN|2510,2025-08-26 21:01:00,1.0012619701581174
SN,SHFE|F|SN|2510,SHFE|F|SN|2511,2025-09-25 21:01:00,1.0014248657338058
SN,SHFE|F|SN|2511,SHFE|F|SN|2512,2025-10-23 21:01:00,1.001493439533478
SN,SHFE|F|SN|2512,SHFE|F|SN|2601,2025-11-24 21:01:00,1.0022194905415558
AL,SHFE|F|AL|2502,SHFE|F|AL|2503,2025-01-13 21:01:00,1.0019787286668316
AL,SHFE|F|AL|2503,SHFE|F|AL|2504,2025-02-14 21:01:00,1.0016900048285853
AL,SHFE|F|AL|2504,SHFE|F|AL|2505,2025-03-12 21:01:00,1.0014306151645207
AL,SHFE|F|AL|2505,SHFE|F|AL|2506,2025-04-11 21:01:00,0.9972074130489972
AL,SHFE|F|AL|2506,SHFE|F|AL|2507,2025-05-14 21:01:00,0.9982737361282368
AL,SHFE|F|AL|2507,SHFE|F|AL|2508,2025-06-20 21:01:00,0.9953579281700464
AL,SHFE|F|AL|2508,SHFE|F|AL|2509,2025-07-16 21:01:00,0.998046398046398
AL,SHFE|F|AL|2509,SHFE|F|AL|2510,2025-08-18 21:01:00,0.999757281553398
AL,SHFE|F|AL|2510,SHFE|F|AL|2511,2025-09-17 21:01:00,1.0014347202295553
AL,SHFE|F|AL|2511,SHFE|F|AL|2512,2025-10-16 21:01:00,1.000953516090584
AL,SHFE|F|AL|2512,SHFE|F|AL|2601,2025-11-06 21:01:00,1.0016181229773462
RR,DCE|F|RR|2503,DCE|F|RR|2504,2025-02-19 21:01:00,0.9842475386779185
RR,DCE|F|RR|2504,DCE|F|RR|2506,2025-03-03 21:01:00,1.0054192812321734
RR,DCE|F|RR|2506,DCE|F|RR|2505,2025-03-05 21:01:00,0.9940391711609424
RR,DCE|F|RR|2505,DCE|F|RR|2506,2025-04-09 21:01:00,1.006280331144733
RR,DCE|F|RR|2506,DCE|F|RR|2507,2025-05-07 21:01:00,1.0041899441340782
RR,DCE|F|RR|2507,DCE|F|RR|2508,2025-06-11 21:01:00,0.9955813311239989
RR,DCE|F|RR|2508,DCE|F|RR|2509,2025-07-03 21:01:00,1.0187127870711652
RR,DCE|F|RR|2509,DCE|F|RR|2511,2025-08-04 21:01:00,1.0035981179075562
RR,DCE|F|RR|2511,DCE|F|RR|2509,2025-08-05 21:01:00,0.9952960708356392
RR,DCE|F|RR|2509,DCE|F|RR|2510,2025-08-11 21:01:00,1.0120347047299187
RR,DCE|F|RR|2510,DCE|F|RR|2512,2025-09-02 21:01:00,0.9988922736084187
RR,DCE|F|RR|2512,DCE|F|RR|2511,2025-09-03 21:01:00,1.001386962552011
RR,DCE|F|RR|2511,DCE|F|RR|2512,2025-10-09 09:01:00,0.9925558312655087
RR,DCE|F|RR|2512,DCE|F|RR|2602,2025-11-03 21:01:00,1.002804262478968
RR,DCE|F|RR|2602,DCE|F|RR|2512,2025-11-05 21:01:00,0.9929932735426009
RR,DCE|F|RR|2512,DCE|F|RR|2601,2025-11-10 21:01:00,1.014992927864215
RR,DCE|F|RR|2601,DCE|F|RR|2602,2025-12-05,
FU,SHFE|F|FU|2503,SHFE|F|FU|2505,2025-02-12 21:01:00,0.929614181438999
FU,SHFE|F|FU|2505,SHFE|F|FU|2507,2025-04-08 21:01:00,0.9770657672849916
FU,SHFE|F|FU|2507,SHFE|F|FU|2509,2025-06-10 21:01:00,0.98583951449764
FU,SHFE|F|FU|2509,SHFE|F|FU|2510,2025-08-19 21:01:00,1.007818317200298
FU,SHFE|F|FU|2510,SHFE|F|FU|2601,2025-09-01 21:01:00,0.9971751412429378
PB,SHFE|F|PB|2502,SHFE|F|PB|2503,2025-01-17 21:01:00,1.001801260882618
PB,SHFE|F|PB|2503,SHFE|F|PB|2504,2025-02-20 21:01:00,1.0017487612940834
PB,SHFE|F|PB|2504,SHFE|F|PB|2505,2025-03-19 21:01:00,1.0019785189372528
PB,SHFE|F|PB|2505,SHFE|F|PB|2506,2025-04-18 21:01:00,0.9976324356318438
PB,SHFE|F|PB|2506,SHFE|F|PB|2507,2025-05-21 21:01:00,1.0
PB,SHFE|F|PB|2507,SHFE|F|PB|2508,2025-06-25 21:01:00,1.0014564520827265
PB,SHFE|F|PB|2508,SHFE|F|PB|2509,2025-07-22 21:01:00,1.001775147928994
PB,SHFE|F|PB|2509,SHFE|F|PB|2510,2025-08-25 21:01:00,1.0011872959335115
PB,SHFE|F|PB|2510,SHFE|F|PB|2511,2025-09-22 21:01:00,1.0023357664233576
PB,SHFE|F|PB|2511,SHFE|F|PB|2512,2025-10-23 21:01:00,0.9971615100766392
PB,SHFE|F|PB|2512,SHFE|F|PB|2601,2025-11-14 21:01:00,1.0005715918833953
CU,SHFE|F|CU|2502,SHFE|F|CU|2503,2025-01-15 21:01:00,1.0014639339898856
CU,SHFE|F|CU|2503,SHFE|F|CU|2504,2025-02-25 21:01:00,1.0018226793386278
CU,SHFE|F|CU|2504,SHFE|F|CU|2505,2025-03-13 21:01:00,1.001512668599521
CU,SHFE|F|CU|2505,SHFE|F|CU|2506,2025-04-15 21:01:00,0.9986836909306305
CU,SHFE|F|CU|2506,SHFE|F|CU|2507,2025-05-27 21:01:00,0.9960363124920087
CU,SHFE|F|CU|2507,SHFE|F|CU|2508,2025-06-25 21:01:00,0.9983504631391955
CU,SHFE|F|CU|2508,SHFE|F|CU|2509,2025-07-21 21:01:00,1.0008782936010037
CU,SHFE|F|CU|2509,SHFE|F|CU|2510,2025-08-25 21:01:00,1.0
CU,SHFE|F|CU|2510,SHFE|F|CU|2511,2025-09-19 21:01:00,0.9992491552997121
CU,SHFE|F|CU|2511,SHFE|F|CU|2512,2025-10-16 21:01:00,1.0002351557907114
CU,SHFE|F|CU|2512,SHFE|F|CU|2601,2025-11-19 21:01:00,1.0003485130111525
SR,CZCE|F|SR|2505,CZCE|F|SR|2509,2025-04-14 21:01:00,0.9772126816380449
SR,CZCE|F|SR|2509,CZCE|F|SR|2601,2025-08-07 21:01:00,0.9855302629257102
SA,CZCE|F|SA|2505,CZCE|F|SA|2509,2025-04-15 21:01:00,1.0277986476333585
SA,CZCE|F|SA|2509,CZCE|F|SA|2601,2025-08-05 21:01:00,1.0763178599527932
ZC,CZCE|F|ZC|2501,CZCE|F|ZC|2502,2025-01-07 21:01:00,1.0
ZC,CZCE|F|ZC|2502,CZCE|F|ZC|2503,2025-02-10 21:01:00,1.0
ZC,CZCE|F|ZC|2503,CZCE|F|ZC|2504,2025-03-06 21:01:00,1.0
ZC,CZCE|F|ZC|2504,CZCE|F|ZC|2505,2025-04-07 21:01:00,1.0
ZC,CZCE|F|ZC|2505,CZCE|F|ZC|2506,2025-05-09 21:01:00,1.0
ZC,CZCE|F|ZC|2506,CZCE|F|ZC|2507,2025-06-06 21:01:00,1.0
ZC,CZCE|F|ZC|2507,CZCE|F|ZC|2508,2025-07-04 21:01:00,1.0
ZC,CZCE|F|ZC|2508,CZCE|F|ZC|2509,2025-08-06 21:01:00,1.0
ZC,CZCE|F|ZC|2509,CZCE|F|ZC|2510,2025-09-04 21:01:00,1.0
ZC,CZCE|F|ZC|2510,CZCE|F|ZC|2511,2025-10-14 21:01:00,1.0
ZC,CZCE|F|ZC|2511,CZCE|F|ZC|2512,2025-11-06 21:01:00,1.0
ZC,CZCE|F|ZC|2512,CZCE|F|ZC|2601,2025-12-05,
PX,CZCE|F|PX|2505,CZCE|F|PX|2509,2025-04-15 21:01:00,1.021585160202361
PX,CZCE|F|PX|2509,CZCE|F|PX|2511,2025-08-12 21:01:00,0.9918032786885246
PX,CZCE|F|PX|2511,CZCE|F|PX|2601,2025-10-13 21:01:00,0.995664292350573
PX,CZCE|F|PX|2601,CZCE|F|PX|2603,2025-12-04,
LG,DCE|F|LG|2507,DCE|F|LG|2509,2025-06-30 09:01:00,0.9658119658119658
LG,DCE|F|LG|2509,DCE|F|LG|2511,2025-08-26 09:01:00,1.0205351586807716
LG,DCE|F|LG|2511,DCE|F|LG|2601,2025-10-17 09:01:00,1.034504391468005
FG,CZCE|F|FG|2505,CZCE|F|FG|2509,2025-04-15 21:01:00,1.0323426573426573
FG,CZCE|F|FG|2509,CZCE|F|FG|2601,2025-08-12 21:01:00,1.1556383970177073
V,DCE|F|V|2505,DCE|F|V|2509,2025-04-16 21:01:00,1.027027027027027
V,DCE|F|V|2509,DCE|F|V|2601,2025-08-15 21:01:00,1.0288655631812678
RM,CZCE|F|RM|2505,CZCE|F|RM|2509,2025-04-10 21:01:00,1.0364482357502909
RM,CZCE|F|RM|2509,CZCE|F|RM|2601,2025-08-14 21:01:00,0.9702159344750558
RM,CZCE|F|RM|2601,CZCE|F|RM|2605,2025-12-05,
LU,INE|F|LU|2503,INE|F|LU|2504,2025-01-16 21:01:00,0.9976624590930341
LU,INE|F|LU|2504,INE|F|LU|2505,2025-02-11 21:01:00,0.9962953815756977
LU,INE|F|LU|2505,INE|F|LU|2506,2025-03-26 21:01:00,0.9948439620081411
LU,INE|F|LU|2506,INE|F|LU|2507,2025-05-06 09:01:00,0.986446670595168
LU,INE|F|LU|2507,INE|F|LU|2508,2025-06-03 09:01:00,0.9859976662777129
LU,INE|F|LU|2508,INE|F|LU|2509,2025-06-26 21:01:00,0.9810452206877877
LU,INE|F|LU|2509,INE|F|LU|2510,2025-07-18 21:01:00,1.0002751788662632
LU,INE|F|LU|2510,INE|F|LU|2511,2025-08-20 21:01:00,0.9991294254207778
LU,INE|F|LU|2511,INE|F|LU|2512,2025-10-09 21:01:00,0.9988095238095238
LU,INE|F|LU|2512,INE|F|LU|2601,2025-10-22 21:01:00,1.0003189792663476
LU,INE|F|LU|2601,INE|F|LU|2602,2025-11-26 21:01:00,0.9960304333443599
SH,CZCE|F|SH|2505,CZCE|F|SH|2509,2025-04-22 21:01:00,1.0271966527196652
SH,CZCE|F|SH|2509,CZCE|F|SH|2601,2025-08-18 21:01:00,1.0264900662251655
RS,CZCE|F|RS|2507,CZCE|F|RS|2509,2025-07-02 09:01:00,1.0331380076783188
RS,CZCE|F|RS|2509,CZCE|F|RS|2607,2025-09-03 09:01:00,1.1581052631578947
RS,CZCE|F|RS|2607,CZCE|F|RS|2511,2025-09-04 09:01:00,0.9279475982532751
RS,CZCE|F|RS|2511,CZCE|F|RS|2608,2025-11-14 09:01:00,1.09140625
RS,CZCE|F|RS|2608,CZCE|F|RS|2607,2025-11-18 09:01:00,0.9920145190562614
RS,CZCE|F|RS|2607,CZCE|F|RS|2609,2025-11-24 09:01:00,0.9818050801657359
RS,CZCE|F|RS|2609,CZCE|F|RS|2607,2025-12-05,
NR,INE|F|NR|2502,INE|F|NR|2503,2025-01-03 21:01:00,0.9975334742776604
NR,INE|F|NR|2503,INE|F|NR|2504,2025-02-11 21:01:00,0.9898921832884097
NR,INE|F|NR|2504,INE|F|NR|2505,2025-03-04 21:01:00,0.9912790697674418
NR,INE|F|NR|2505,INE|F|NR|2506,2025-04-08 21:01:00,0.9935897435897436
NR,INE|F|NR|2506,INE|F|NR|2507,2025-05-20 21:01:00,0.9926442121564073
NR,INE|F|NR|2507,INE|F|NR|2508,2025-06-20 21:01:00,0.9954413593037712
NR,INE|F|NR|2508,INE|F|NR|2509,2025-07-14 21:01:00,1.0004056795131846
NR,INE|F|NR|2509,INE|F|NR|2510,2025-08-08 21:01:00,1.0048367593712213
NR,INE|F|NR|2510,INE|F|NR|2511,2025-09-05 21:01:00,1.0034377387318565
NR,INE|F|NR|2511,INE|F|NR|2512,2025-10-15 21:01:00,0.9967306906416019
NR,INE|F|NR|2512,INE|F|NR|2601,2025-11-03 21:01:00,1.0008196721311475
NR,INE|F|NR|2601,INE|F|NR|2602,2025-12-09,
HC,SHFE|F|HC|2505,SHFE|F|HC|2510,2025-04-02 21:01:00,1.0089498806682577
HC,SHFE|F|HC|2510,SHFE|F|HC|2601,2025-08-28 21:01:00,0.9961595273264402
HC,SHFE|F|HC|2601,SHFE|F|HC|2605,2025-12-04,
AO,SHFE|F|AO|2502,SHFE|F|AO|2505,2025-02-05 09:01:00,0.9876746096959738
AO,SHFE|F|AO|2505,SHFE|F|AO|2509,2025-04-17 21:01:00,1.0198019801980198
AO,SHFE|F|AO|2509,SHFE|F|AO|2601,2025-08-13 21:01:00,1.0142414860681115
EC,INE|F|EC|2502,INE|F|EC|2504,2025-01-15 09:01:00,0.6305623471882641
EC,INE|F|EC|2504,INE|F|EC|2506,2025-03-04 09:01:00,1.3298565840938723
EC,INE|F|EC|2506,INE|F|EC|2508,2025-05-19 09:01:00,1.3531157270029674
EC,INE|F|EC|2508,INE|F|EC|2510,2025-07-15 09:01:00,0.7106846882399369
EC,INE|F|EC|2510,INE|F|EC|2512,2025-10-10 09:01:00,1.5072774354853111
EC,INE|F|EC|2512,INE|F|EC|2602,2025-11-13 09:01:00,0.9355207499714187
Y,DCE|F|Y|2505,DCE|F|Y|2509,2025-04-07 21:01:00,0.996078431372549
Y,DCE|F|Y|2509,DCE|F|Y|2601,2025-08-07 21:01:00,0.9966690459195813
Y,DCE|F|Y|2601,DCE|F|Y|2605,2025-12-09,
BR,SHFE|F|BR|2502,SHFE|F|BR|2503,2025-01-15 21:01:00,1.0010518934081347
BR,SHFE|F|BR|2503,SHFE|F|BR|2504,2025-02-20 21:01:00,0.9985678481919084
BR,SHFE|F|BR|2504,SHFE|F|BR|2505,2025-03-14 21:01:00,1.0014545454545454
BR,SHFE|F|BR|2505,SHFE|F|BR|2506,2025-04-22 21:01:00,0.9855855855855856
BR,SHFE|F|BR|2506,SHFE|F|BR|2507,2025-05-22 21:01:00,1.0113493064312737
BR,SHFE|F|BR|2507,SHFE|F|BR|2508,2025-06-25 21:01:00,0.9866369710467706
BR,SHFE|F|BR|2508,SHFE|F|BR|2509,2025-07-21 21:01:00,0.9979157982492706
BR,SHFE|F|BR|2509,SHFE|F|BR|2510,2025-08-18 21:01:00,1.0004237288135593
BR,SHFE|F|BR|2510,SHFE|F|BR|2511,2025-09-15 21:01:00,0.9965826569841948
BR,SHFE|F|BR|2511,SHFE|F|BR|2512,2025-10-17 21:01:00,0.9908466819221968
BR,SHFE|F|BR|2512,SHFE|F|BR|2601,2025-11-05 21:01:00,0.9912066438690766
BR,SHFE|F|BR|2601,SHFE|F|BR|2602,2025-12-09,
T,CFFEX|F|T|2503,CFFEX|F|T|2506,2025-02-20 09:31:00,1.00050604959286
T,CFFEX|F|T|2506,CFFEX|F|T|2509,2025-05-20 09:31:00,1.0020717278210027
T,CFFEX|F|T|2509,CFFEX|F|T|2512,2025-08-22 09:31:00,0.9988425925925926
T,CFFEX|F|T|2512,CFFEX|F|T|2603,2025-11-25 09:31:00,0.9984332519238744
AP,CZCE|F|AP|2505,CZCE|F|AP|2510,2025-04-15 09:01:00,0.9829733163913595
AP,CZCE|F|AP|2510,CZCE|F|AP|2601,2025-09-09 09:01:00,1.0015555821467033
AP,CZCE|F|AP|2601,CZCE|F|AP|2605,2025-12-03,
PR,CZCE|F|PR|2503,CZCE|F|PR|2505,2025-02-20 21:01:00,1.0078665827564506
PR,CZCE|F|PR|2505,CZCE|F|PR|2506,2025-04-08 21:01:00,1.0068890500362582
PR,CZCE|F|PR|2506,CZCE|F|PR|2507,2025-05-08 21:01:00,0.9948559670781894
PR,CZCE|F|PR|2507,CZCE|F|PR|2509,2025-06-09 21:01:00,0.987389229720518
PR,CZCE|F|PR|2509,CZCE|F|PR|2510,2025-08-01 21:01:00,1.0067590402162894
PR,CZCE|F|PR|2510,CZCE|F|PR|2511,2025-08-13 21:01:00,0.998650016874789
PR,CZCE|F|PR|2511,CZCE|F|PR|2512,2025-10-09 21:01:00,0.9965325936199723
PR,CZCE|F|PR|2512,CZCE|F|PR|2601,2025-10-15 21:01:00,0.9942590599210621
PR,CZCE|F|PR|2601,CZCE|F|PR|2603,2025-12-05,
LH,DCE|F|LH|2503,DCE|F|LH|2505,2025-02-10 09:01:00,1.0053578262533487
LH,DCE|F|LH|2505,DCE|F|LH|2509,2025-04-10 09:01:00,1.0596959584723766
LH,DCE|F|LH|2509,DCE|F|LH|2511,2025-08-06 09:01:00,0.9996398991717681
LH,DCE|F|LH|2511,DCE|F|LH|2601,2025-10-16 09:01:00,1.069736842105263
LH,DCE|F|LH|2601,DCE|F|LH|2603,2025-12-08,
OP,SHFE|F|OP|2601,SHFE|F|OP|2602,2025-11-11 21:01:00,1.002779064381658
A,DCE|F|A|2505,DCE|F|A|2507,2025-04-21 21:01:00,1.0079845148802322
A,DCE|F|A|2507,DCE|F|A|2509,2025-06-10 21:01:00,0.9926172898309121
A,DCE|F|A|2509,DCE|F|A|2511,2025-08-08 21:01:00,0.9953760038938915
A,DCE|F|A|2511,DCE|F|A|2601,2025-10-14 21:01:00,1.0035416139640778
UR,CZCE|F|UR|2505,CZCE|F|UR|2509,2025-04-17 09:01:00,0.9877026271660145
UR,CZCE|F|UR|2509,CZCE|F|UR|2601,2025-08-14 09:01:00,1.0121668597914253
AU,SHFE|F|AU|2502,SHFE|F|AU|2504,2025-01-14 21:01:00,1.0023730422401518
AU,SHFE|F|AU|2504,SHFE|F|AU|2506,2025-03-20 21:01:00,1.0028228652081863
AU,SHFE|F|AU|2506,SHFE|F|AU|2508,2025-05-06 21:01:00,1.0030196275792653
AU,SHFE|F|AU|2508,SHFE|F|AU|2510,2025-06-27 21:01:00,1.0029227557411273
AU,SHFE|F|AU|2510,SHFE|F|AU|2512,2025-09-18 21:01:00,1.003300570319136
AU,SHFE|F|AU|2512,SHFE|F|AU|2602,2025-11-20 21:01:00,1.0031097194818566
TL,CFFEX|F|TL|2503,CFFEX|F|TL|2506,2025-02-19 09:31:00,0.9956731569312697
TL,CFFEX|F|TL|2506,CFFEX|F|TL|2509,2025-05-21 09:31:00,1.0037732684890155
TL,CFFEX|F|TL|2509,CFFEX|F|TL|2512,2025-08-21 09:31:00,0.9956053425247738
TL,CFFEX|F|TL|2512,CFFEX|F|TL|2603,2025-11-25 09:31:00,0.9984450587422252
CS,DCE|F|CS|2503,DCE|F|CS|2505,2025-02-25 21:01:00,1.028371550719005
CS,DCE|F|CS|2505,DCE|F|CS|2507,2025-04-08 21:01:00,1.0097928436911487
CS,DCE|F|CS|2507,DCE|F|CS|2509,2025-06-24 21:01:00,1.0250280164363093
CS,DCE|F|CS|2509,DCE|F|CS|2511,2025-08-19 21:01:00,0.9676160749122122
CS,DCE|F|CS|2511,DCE|F|CS|2601,2025-10-20 21:01:00,1.0126050420168067
NI,SHFE|F|NI|2502,SHFE|F|NI|2503,2025-01-22 21:01:00,1.0019762845849802
NI,SHFE|F|NI|2503,SHFE|F|NI|2505,2025-02-24 21:01:00,1.0038259206121474
NI,SHFE|F|NI|2505,SHFE|F|NI|2506,2025-04-23 21:01:00,1.0006337135614702
NI,SHFE|F|NI|2506,SHFE|F|NI|2507,2025-05-27 21:01:00,1.0011459441761479
NI,SHFE|F|NI|2507,SHFE|F|NI|2508,2025-06-25 21:01:00,1.0005902192242833
NI,SHFE|F|NI|2508,SHFE|F|NI|2509,2025-07-22 21:01:00,1.0015380879138671
NI,SHFE|F|NI|2509,SHFE|F|NI|2510,2025-08-20 21:01:00,1.0010839656466273
NI,SHFE|F|NI|2510,SHFE|F|NI|2511,2025-09-23 21:01:00,1.00149093017477
NI,SHFE|F|NI|2511,SHFE|F|NI|2512,2025-10-21 21:01:00,1.0016504373659019
NI,SHFE|F|NI|2512,SHFE|F|NI|2601,2025-11-19 21:01:00,1.001556420233463
M,DCE|F|M|2505,DCE|F|M|2509,2025-04-07 09:01:00,1.0607329842931936
M,DCE|F|M|2509,DCE|F|M|2601,2025-08-08 21:01:00,1.0160919540229885
M,DCE|F|M|2601,DCE|F|M|2605,2025-12-04,
SI,GFEX|F|SI|2502,GFEX|F|SI|2503,2025-01-15 09:01:00,1.0009341429238674
SI,GFEX|F|SI|2503,GFEX|F|SI|2505,2025-02-06 09:01:00,1.0046685340802988
SI,GFEX|F|SI|2505,GFEX|F|SI|2506,2025-04-23 09:01:00,1.0039772727272727
SI,GFEX|F|SI|2506,GFEX|F|SI|2507,2025-05-16 09:01:00,1.002972651605232
SI,GFEX|F|SI|2507,GFEX|F|SI|2506,2025-05-20 09:01:00,0.997539975399754
SI,GFEX|F|SI|2506,GFEX|F|SI|2507,2025-05-21 09:01:00,1.0037926675094817
SI,GFEX|F|SI|2507,GFEX|F|SI|2509,2025-06-16 09:01:00,0.9911504424778761
SI,GFEX|F|SI|2509,GFEX|F|SI|2511,2025-08-06 09:01:00,1.004733727810651
SI,GFEX|F|SI|2511,GFEX|F|SI|2601,2025-10-24 09:01:00,1.0407811602527284
BU,SHFE|F|BU|2502,SHFE|F|BU|2503,2025-01-07 21:01:00,1.0069871436556737
BU,SHFE|F|BU|2503,SHFE|F|BU|2504,2025-02-14 21:01:00,1.0047034230467728
BU,SHFE|F|BU|2504,SHFE|F|BU|2506,2025-03-06 21:01:00,0.9924496644295302
BU,SHFE|F|BU|2506,SHFE|F|BU|2507,2025-05-20 21:01:00,0.9912454109008755
BU,SHFE|F|BU|2507,SHFE|F|BU|2509,2025-06-06 21:01:00,0.9911655742376746
BU,SHFE|F|BU|2509,SHFE|F|BU|2510,2025-08-05 21:01:00,0.9932279909706546
BU,SHFE|F|BU|2510,SHFE|F|BU|2511,2025-09-04 21:01:00,0.9925028835063437
BU,SHFE|F|BU|2511,SHFE|F|BU|2601,2025-10-16 21:01:00,0.9643183897529735
BU,SHFE|F|BU|2601,SHFE|F|BU|2602,2025-12-08,
C,DCE|F|C|2505,DCE|F|C|2507,2025-04-14 21:01:00,1.0189677988531098
C,DCE|F|C|2507,DCE|F|C|2509,2025-06-18 21:01:00,1.014388489208633
C,DCE|F|C|2509,DCE|F|C|2511,2025-08-14 21:01:00,0.9653660675142481
C,DCE|F|C|2511,DCE|F|C|2601,2025-10-16 21:01:00,1.0118427285646614
FB,DCE|F|FB|2501,DCE|F|FB|2505,2025-01-03 09:01:00,1.0134874759152215
FB,DCE|F|FB|2505,DCE|F|FB|2506,2025-05-07 09:01:00,1.037603305785124
FB,DCE|F|FB|2506,DCE|F|FB|2510,2025-06-04 09:01:00,0.9453352769679301
FB,DCE|F|FB|2510,DCE|F|FB|2511,2025-09-04 09:01:00,0.9758754863813229
FB,DCE|F|FB|2511,DCE|F|FB|2512,2025-10-10 09:01:00,0.9936833793920252
FB,DCE|F|FB|2512,DCE|F|FB|2603,2025-11-11 09:01:00,1.0285597715218278
FB,DCE|F|FB|2603,DCE|F|FB|2604,2025-11-12 09:01:00,1.0039588281868568
FB,DCE|F|FB|2604,DCE|F|FB|2601,2025-11-13 09:01:00,0.9806858494284588
FB,DCE|F|FB|2601,DCE|F|FB|2603,2025-11-21 09:01:00,1.0100401606425702
TA,CZCE|F|TA|2505,CZCE|F|TA|2509,2025-04-14 21:01:00,1.009242144177449
TA,CZCE|F|TA|2509,CZCE|F|TA|2601,2025-08-14 21:01:00,1.005603448275862
EG,DCE|F|EG|2505,DCE|F|EG|2509,2025-04-22 21:01:00,1.0004784688995216
EG,DCE|F|EG|2509,DCE|F|EG|2601,2025-08-19 21:01:00,1.0091240875912408
PK,CZCE|F|PK|2503,CZCE|F|PK|2505,2025-02-12 09:01:00,0.9990007494379216
PK,CZCE|F|PK|2505,CZCE|F|PK|2510,2025-04-18 09:01:00,0.9995094432180525
PK,CZCE|F|PK|2510,CZCE|F|PK|2511,2025-08-14 09:01:00,0.984228684080828
PK,CZCE|F|PK|2511,CZCE|F|PK|2601,2025-10-15 09:01:00,1.0185656154628688
PK,CZCE|F|PK|2601,CZCE|F|PK|2603,2025-12-03,
TS,CFFEX|F|TS|2503,CFFEX|F|TS|2506,2025-02-20 09:31:00,1.0031640007031113
TS,CFFEX|F|TS|2506,CFFEX|F|TS|2509,2025-05-16 09:31:00,1.001075331886523
TS,CFFEX|F|TS|2509,CFFEX|F|TS|2512,2025-08-25 09:31:00,1.0000390938055865
TS,CFFEX|F|TS|2512,CFFEX|F|TS|2603,2025-11-24 09:31:00,0.9995120046847551
SP,SHFE|F|SP|2503,SHFE|F|SP|2505,2025-02-11 21:01:00,1.0101373446697188
SP,SHFE|F|SP|2505,SHFE|F|SP|2507,2025-04-14 21:01:00,1.001113172541744
SP,SHFE|F|SP|2507,SHFE|F|SP|2509,2025-06-18 21:01:00,0.9977099236641221
SP,SHFE|F|SP|2509,SHFE|F|SP|2511,2025-08-08 21:01:00,1.0058117008911274
SP,SHFE|F|SP|2511,SHFE|F|SP|2601,2025-10-16 21:01:00,1.0609555189456343
RU,SHFE|F|RU|2505,SHFE|F|RU|2509,2025-04-02 21:01:00,1.0098654708520178
RU,SHFE|F|RU|2509,SHFE|F|RU|2601,2025-08-05 21:01:00,1.0629082158817462
RU,SHFE|F|RU|2601,SHFE|F|RU|2605,2025-12-04,
PP_F,DCE|F|PP|2602F,DCE|F|PP|2603F,2025-11-19 21:01:00,1.002951227089158
PP_F,DCE|F|PP|2603F,DCE|F|PP|2604F,2025-12-02,
MA,CZCE|F|MA|2505,CZCE|F|MA|2509,2025-04-16 21:01:00,0.9548332629801604
MA,CZCE|F|MA|2509,CZCE|F|MA|2601,2025-08-14 21:01:00,1.0405982905982907
CY,CZCE|F|CY|2503,CZCE|F|CY|2505,2025-02-07 21:01:00,0.9859824780976221
CY,CZCE|F|CY|2505,CZCE|F|CY|2507,2025-04-10 21:01:00,0.9978852762357917
CY,CZCE|F|CY|2507,CZCE|F|CY|2509,2025-06-04 21:01:00,0.9984619328377339
CY,CZCE|F|CY|2509,CZCE|F|CY|2511,2025-08-04 21:01:00,0.9967213114754099
CY,CZCE|F|CY|2511,CZCE|F|CY|2601,2025-10-09 21:01:00,0.9913021233051932
CY,CZCE|F|CY|2601,CZCE|F|CY|2603,2025-12-04,
WR,SHFE|F|WR|2501,SHFE|F|WR|2505,2025-01-03 09:01:00,1.0143661971830986
WR,SHFE|F|WR|2505,SHFE|F|WR|2510,2025-05-07 09:01:00,1.0533536585365855
WR,SHFE|F|WR|2510,SHFE|F|WR|2601,2025-10-10 09:01:00,1.0375
PP,DCE|F|PP|2505,DCE|F|PP|2509,2025-04-10 21:01:00,0.9869487566973485
PP,DCE|F|PP|2509,DCE|F|PP|2601,2025-08-12 21:01:00,1.0047948103229445
I,DCE|F|I|2505,DCE|F|I|2509,2025-04-07 21:01:00,0.9442622950819672
I,DCE|F|I|2509,DCE|F|I|2601,2025-08-11 21:01:00,0.9905838041431262
I,DCE|F|I|2601,DCE|F|I|2605,2025-12-09,
P,DCE|F|P|2505,DCE|F|P|2509,2025-04-15 21:01:00,0.9327981651376147
P,DCE|F|P|2509,DCE|F|P|2601,2025-08-13 21:01:00,1.0070033955857385
L,DCE|F|L|2505,DCE|F|L|2509,2025-04-10 21:01:00,0.9874471278482739
L,DCE|F|L|2509,DCE|F|L|2601,2025-08-14 21:01:00,1.0076849183477425
JM,DCE|F|JM|2505,DCE|F|JM|2509,2025-04-15 21:01:00,1.085352422907489
JM,DCE|F|JM|2509,DCE|F|JM|2601,2025-07-31 21:01:00,1.0856049736967959
JM,DCE|F|JM|2601,DCE|F|JM|2605,2025-12-05,
JD,DCE|F|JD|2502,DCE|F|JD|2505,2025-01-16 09:01:00,0.9803387779794314
JD,DCE|F|JD|2505,DCE|F|JD|2506,2025-04-16 09:01:00,0.9532145130490134
JD,DCE|F|JD|2506,DCE|F|JD|2507,2025-05-20 09:01:00,1.0297932001402033
JD,DCE|F|JD|2507,DCE|F|JD|2508,2025-06-11 09:01:00,1.2400282386163077
JD,DCE|F|JD|2508,DCE|F|JD|2509,2025-07-15 09:01:00,1.040739670615429
JD,DCE|F|JD|2509,DCE|F|JD|2510,2025-08-14 09:01:00,0.9719255416539517
JD,DCE|F|JD|2510,DCE|F|JD|2511,2025-09-11 09:01:00,1.0003312355084466
JD,DCE|F|JD|2511,DCE|F|JD|2512,2025-10-21 09:01:00,1.0541516245487366
JD,DCE|F|JD|2512,DCE|F|JD|2601,2025-11-17 09:01:00,1.0666007253544345
J,DCE|F|J|2505,DCE|F|J|2509,2025-04-18 21:01:00,0.9964698331193839
J,DCE|F|J|2509,DCE|F|J|2601,2025-08-11 21:01:00,1.0466983938132064
RB,SHFE|F|RB|2505,SHFE|F|RB|2510,2025-04-07 21:01:00,1.0204346415828738
RB,SHFE|F|RB|2510,SHFE|F|RB|2601,2025-08-29 21:01:00,1.022653721682848
RB,SHFE|F|RB|2601,SHFE|F|RB|2605,2025-12-03,
OI,CZCE|F|OI|2505,CZCE|F|OI|2509,2025-04-15 21:01:00,1.003349540788763
OI,CZCE|F|OI|2509,CZCE|F|OI|2601,2025-08-12 21:01:00,1.0008161599673535
L_F,DCE|F|L|2602F,DCE|F|L|2603F,2025-10-30 21:01:00,1.000430539609644
L_F,DCE|F|L|2603F,DCE|F|L|2602F,2025-11-05 21:01:00,0.9973699590882524
CJ,CZCE|F|CJ|2505,CZCE|F|CJ|2509,2025-04-16 09:01:00,1.0335718216840946
CJ,CZCE|F|CJ|2509,CZCE|F|CJ|2601,2025-07-03 09:01:00,1.1426356589147286
AD,SHFE|F|AD|2511,SHFE|F|AD|2512,2025-09-16 21:01:00,1.001220703125
AD,SHFE|F|AD|2512,SHFE|F|AD|2601,2025-10-29 21:01:00,1.0026582890285163
AD,SHFE|F|AD|2601,SHFE|F|AD|2602,2025-12-02,
PS,GFEX|F|PS|2506,GFEX|F|PS|2507,2025-05-20 09:01:00,0.9703903095558546
PS,GFEX|F|PS|2507,GFEX|F|PS|2508,2025-06-23 09:01:00,0.9848580441640379
PS,GFEX|F|PS|2508,GFEX|F|PS|2509,2025-07-18 09:01:00,0.9912472647702407
PS,GFEX|F|PS|2509,GFEX|F|PS|2511,2025-08-05 09:01:00,1.0053366174055829
PS,GFEX|F|PS|2511,GFEX|F|PS|2601,2025-10-24 09:01:00,1.045705279747833
PL,CZCE|F|PL|2601,CZCE|F|PL|2603,2025-11-03 21:01:00,1.0074639243655665
